cc1pdd0nmuj0xfwhfyt7h3wkx9zgjvs3hzl8p464f	100
cc1zhhwr8gk8pqf9p9eamxnqqstmtszjazw6ctxlf	100
cc1ryn4vth06ltxp4j97r2r5ym3pwyyx0k2m700dj	100
cc1yqarkyv5ul527sdqsknlnfp6t92ve9pt5llxpa	100
cc1y4lg7qhx2yusxvekhwj8gzh2vu006kk0galqpz	100
cc19z20ne3ef575dgfk5ff67xtu0uup8yuj36629j	100
cc19t92n5x7tqe47umqn8gjynnsyp3748f4rh9fsv	100
cc1xaxmxvrhtsnemgcw2lc3mh3lwffk5h730wqacy	100
cc18ynft7qquyz3zt3c2f9xvmwn480p473gz42g5j	100
cc182rjm0k682kjramysj7dwrvmznktx5kdpnjydf	100
cc18nyh27lwp5dp8j396srrvq52hufeu9vs9uwjyk	100
cc1grs4xnejr3mepnk58jg39ksxlueyhpdhx77jjy	100
cc1f8s3eeyrj29f8t9g0ev9v8703qm4rz4lrwlxdr	100
cc1fn5e0z6uvk4ne5tnyv9mgl8h5qrddyvqfygele	100
cc1fkzj2d0h3c5jgvvwwstww8w5czj6mvjgdl0lxp	100
cc125esm3nmev8y56s8z9v5c6y6nkzfmlldh6np2j	100
cc126erf9dmm4e3fs0suk9lnv24wudswkm3egnpgn	100
cc12lv93ppqkce4ds5rd5yaccxs8gjlqpnk5atj7w	100
cc1thed02lmuf9jw60t7090ndp4d96c5q8h24ecjk	100
cc1vqeqtya4lca8qdw8zprcwcxaw0n8hj7yfn4lvz	100
cc1d8xlprsr30l6uzctkwnx0k7hygdrx9x9mlzqdw	100
cc1d2gnx8gxf44tkjky7ftwfkg9k0lln56xfaxucp	100
cc1dlwt50shlr8rfyv8fddq4u3rxltgz2vnmhuzvk	100
cc1whlxz73h8t22ytsdzm04aknlxm2gz04ugcy4eq	100
cc1w79t4xnxhfvtu54m3ymw2fvthdj9pfg7h7wf9z	100
cc1wl2hjmg2g5rhx5xc89r6gl77t6tdedgy25u5n8	100
cc10vszh4m9hrlu3ejrzgxrt2tpzdcyu63akn5s3m	100
cc10ssdxk9zje7nqpeh7qgwl9jam7nywrzr62f0ks	100
cc1szj8cguttxn27xg4rg6xlag8qe6ajd4kqsca5k	100
cc1s9fljs8pfz60qqg6wj6hxhu82tjfqu6yn0x82q	100
cc1se7v7c8gslwckfnzmj8halgd67fqfgnnjhzuey	100
cc1smcvnxuvy3w2xe3r42w9g0pvusngv97l27krqu	100
cc13dfkcqn9xczkje8lvsx9rawfmnfh595g43zl23	100
cc13nwzm5dfd26ue74jr6sc39gyn3qze0rjph4dnj	100
cc1jyjcktt92avq4fhjgcqsp38r8flza3la4ahudx	100
cc1jvv9j20fpajgp679hzk8kxulvqfrm79yr7gjr8	100
cc1jhq2grn4l2ht8fakggnzakwl6snfc72tepkec4	100
cc1n598l66my3w90ccp5z2d3qg8k4qfq0xfffhw92	100
cc1n485ndjsz04nka8q79u3e79u3k5tp5ltfhk2nl	100
cc15rhmyuqj2a3qtufcw7zk45wx9gvge07c8585ha	100
cc15lwe6hczz9czh2msktksn7mvjsl5t8gz9zzl3l	100
cc14vsg3gz8q4yvmx3hnuqvh658z6vkyp3z3k03z5	100
cc14khh7xa8jy6knqxg9qqfp9fu7c5wea02jndq8x	100
cc14la3tkfuzwyr6ve7q0wnr4rtly0s02ufp5mq8v	100
cc1k2g0l077raf7jyn5phqkh8y30eah6lgscv0x8z	100
cc1k2tyxj9pjxskpnqf87prkr9whzagnx5a04wg9k	100
cc1k2h63lt9upzr40rsa74w6gz57v52qpewy5w3xe	100
cc1klsyj8ptejt4ufy86drxd8vm3vsas8hhucstla	100
cc1h7hvgrlw87xjt2afwjtvwac4nnlgpdg54ss27g	100
cc1cdcsjndsm8ddmd6av7f4zwwn6fqtq34pls4t40	100
cc1cawrg807fk0esn3j8g7dlrraks7ffx9rfp07xy	100
cc1etx55kw7tkmnjqz0k0mups4ewxlr324tnxsq57	100
cc16mm2pqdtts8rttlgwg74zcnwg7jfhvxcawn0md	100
cc1mwqyt2f7u69wcv7gxspv9m4jlq29gdadyfww0d	100
cc1msd2mq4huqkfah4dcx7fy4jjc5ulslamrhly7r	100
cc1mj46rutp0sr029fkr8jwlkgmkqqu0fdn7kjlrk	100
cc1map9955h5ujvdmlz50dk5jrtfma0y4tdqgg5kq	100
cc1uthk7gmxz8c7jfxdvcq9rsp8xpl5gsm55pqt64	100
cc1u0cg7amyg38ep3yggr6fktgaqwsqnfsq3z8u25	100
cc1u5c8ace2udgddx479gm5mm2gx9n2dtnfzztw3g	100
cc1axcus06j2k6e359pgplu7w69pp276tgpzra5tf	100
cc1a4pv5q7xd3udc9m5tmvkr8gsfyu9l8nz8plx4y	100
cc178g3555nt2ks6t7fqrzzt566yrzqfxexky3scz	100
cc174n8dykfuuh3wl3fzgy8sqfj04kyu9tms3kc2g	100
cc17h6ecc8w29763hxrtu3amh6ntz6scr2l5cdv0x	100
cc17ugzhkk06rpwcxelkcjjwnudntdkx396377xyz	100
cc1l37vepnkj8d52pjsm9d8hadlzh07n5d0pt8l06	100