Address	Balance
cc1pfhx45ajlpk85sfn3mwyfvznct2tdeuv7vv7v6	100
cc1pdd0nmuj0xfwhfyt7h3wkx9zgjvs3hzl8p464f	800
cc1p3kejss5t4zugkaffpdm65h0lvv4847rpfhdwt	200
cc1zhhwr8gk8pqf9p9eamxnqqstmtszjazw6ctxlf	1100
cc1ryn4vth06ltxp4j97r2r5ym3pwyyx0k2m700dj	1600
cc1yqarkyv5ul527sdqsknlnfp6t92ve9pt5llxpa	1600
cc1y4lg7qhx2yusxvekhwj8gzh2vu006kk0galqpz	1500
cc19t92n5x7tqe47umqn8gjynnsyp3748f4rh9fsv	900
cc18ynft7qquyz3zt3c2f9xvmwn480p473gz42g5j	1400
cc182rjm0k682kjramysj7dwrvmznktx5kdpnjydf	1000
cc18nyh27lwp5dp8j396srrvq52hufeu9vs9uwjyk	1000
cc1grs4xnejr3mepnk58jg39ksxlueyhpdhx77jjy	1100
cc1f8s3eeyrj29f8t9g0ev9v8703qm4rz4lrwlxdr	400
cc1fn5e0z6uvk4ne5tnyv9mgl8h5qrddyvqfygele	1400
cc1fkzj2d0h3c5jgvvwwstww8w5czj6mvjgdl0lxp	1400
cc126erf9dmm4e3fs0suk9lnv24wudswkm3egnpgn	900
cc12lv93ppqkce4ds5rd5yaccxs8gjlqpnk5atj7w	1300
cc1vqeqtya4lca8qdw8zprcwcxaw0n8hj7yfn4lvz	400
cc1v32ggu70yw6mwh7zeyaz7a9n0znkk34ypsc59h	100
cc1vnyum3ntr4ejhhekfd5ke5ul74rcgcx5ku5xes	100
cc1d8xlprsr30l6uzctkwnx0k7hygdrx9x9mlzqdw	1300
cc1d2gnx8gxf44tkjky7ftwfkg9k0lln56xfaxucp	1200
cc1dlwt50shlr8rfyv8fddq4u3rxltgz2vnmhuzvk	1100
cc1wl2hjmg2g5rhx5xc89r6gl77t6tdedgy25u5n8	1400
cc10ssdxk9zje7nqpeh7qgwl9jam7nywrzr62f0ks	400
cc1szj8cguttxn27xg4rg6xlag8qe6ajd4kqsca5k	4600
cc1s9fljs8pfz60qqg6wj6hxhu82tjfqu6yn0x82q	1500
cc1smcvnxuvy3w2xe3r42w9g0pvusngv97l27krqu	600
cc1jyjcktt92avq4fhjgcqsp38r8flza3la4ahudx	1400
cc1n598l66my3w90ccp5z2d3qg8k4qfq0xfffhw92	900
cc1r9zywgy53xg093ssdfkr9agudnyfzpmmc5hdhu	100
cc14vsg3gz8q4yvmx3hnuqvh658z6vkyp3z3k03z5	400
cc14khh7xa8jy6knqxg9qqfp9fu7c5wea02jndq8x	600
cc14la3tkfuzwyr6ve7q0wnr4rtly0s02ufp5mq8v	400
cc1k2tyxj9pjxskpnqf87prkr9whzagnx5a04wg9k	1400
cc1klsyj8ptejt4ufy86drxd8vm3vsas8hhucstla	1400
cc1h7hvgrlw87xjt2afwjtvwac4nnlgpdg54ss27g	1100
cc1cve8ft5d7hmccz7ehc8qxzrc0cq9s6egg5zd9k	600
cc1cey5d65p9k5y66e8vttur4mn9cr0nmc9jfde4y	100
cc1cawrg807fk0esn3j8g7dlrraks7ffx9rfp07xy	500
cc1etx55kw7tkmnjqz0k0mups4ewxlr324tnxsq57	600
cc16ts55ed7856zntn7xlty6ak4rd0gkjqvm6tyzt	300
cc1mwqyt2f7u69wcv7gxspv9m4jlq29gdadyfww0d	1400
cc1msd2mq4huqkfah4dcx7fy4jjc5ulslamrhly7r	800
cc1mj46rutp0sr029fkr8jwlkgmkqqu0fdn7kjlrk	1400
cc1uthk7gmxz8c7jfxdvcq9rsp8xpl5gsm55pqt64	1200
cc1u0cg7amyg38ep3yggr6fktgaqwsqnfsq3z8u25	1200
cc1un7clms2rsg99842ywkacjg4y6duspqp4u5vze	100
cc1u5c8ace2udgddx479gm5mm2gx9n2dtnfzztw3g	1400
cc1a4pv5q7xd3udc9m5tmvkr8gsfyu9l8nz8plx4y	1200
cc178g3555nt2ks6t7fqrzzt566yrzqfxexky3scz	1300
cc174n8dykfuuh3wl3fzgy8sqfj04kyu9tms3kc2g	500
cc17h6ecc8w29763hxrtu3amh6ntz6scr2l5cdv0x	1200
cc17ugzhkk06rpwcxelkcjjwnudntdkx396377xyz	1400
cc1l37vepnkj8d52pjsm9d8hadlzh07n5d0pt8l06	1200
cc1lnngcxrt8rv2nth857tgtk3ay95jlg8exjrvfu	1100
cc1lcd6ueqfq2h934vhzxclzzgla3nrd646m3v0hv	100
cc1ratqe700frdlck5j7j6v05g04j9jdwp83vjghm	400
cc198ppn5ezf3zt90a6uawcskvy407vrduzzfzqh0	200
cc1xe80y8xsse2ty60cgaetny443tmr95thj2whsf	200
cc1895x9k0yz7fwqe69dgkz8m9wuajn9wz42hap4t	400
cc1gs75ex93d40z5vax0yezs2007rtj7n23xfl6da	500
cc12qv7fl840uekmvvxc745048p4ngrn2dyms8j5n	400
cc125esm3nmev8y56s8z9v5c6y6nkzfmlldh6np2j	600
cc1thed02lmuf9jw60t7090ndp4d96c5q8h24ecjk	600
cc1vecesanll83q8np8d7ktgs0c3fegutkddn7lzl	300
cc1vudwtalaxlzhhwwn5aawcujmmm0jcmuwpe9nze	100
cc1dn50kpwc8vxajpllam4l62zk4g37x2m0c7qgs9	500
cc1whlxz73h8t22ytsdzm04aknlxm2gz04ugcy4eq	600
cc13p786w83l5jzhhkc5cp8ncuuasql297n2qlkas	400
cc13dfkcqn9xczkje8lvsx9rawfmnfh595g43zl23	1000
cc13nwzm5dfd26ue74jr6sc39gyn3qze0rjph4dnj	900
cc1j8x853eaevv87zj6w49uy73k3raggltgzvqsee	100
cc1jhq2grn4l2ht8fakggnzakwl6snfc72tepkec4	1000
cc15rhmyuqj2a3qtufcw7zk45wx9gvge07c8585ha	500
cc15h8l97u99sgcjpm86p3jeq658trnguasqld6mv	200
cc15lwe6hczz9czh2msktksn7mvjsl5t8gz9zzl3l	300
cc1has2wgz58xw0sfaa60z437dl3vs7u52gmury3y	500
cc1c9v8flu0ue3uxaj3mkq9jj9t8vuawz0nzc9xzn	100
cc1cdcsjndsm8ddmd6av7f4zwwn6fqtq34pls4t40	200
cc1m2gy6xkjdwyk6dkvkryckzg5emhmmnxpqxcgez	200
cc1ltjah8p6sd3hpe8evdtwccmkn8mxmll3jddrjl	200
cc1pfqxtfpamfwv5khcgr8mlfxv8jz59rgrfhhe6a	100
cc1rfvea9dw3wctnv0z6uqw6v7f28hk5gf4r0v74l	100
cc1ykfzvjd58cag7jlp3vfuc0jvpkwm240wdmfes9	200
cc19swd564q2hj9w7rn9dgd7ftlaspavq38y4p63v	200
cc1x3wxdww8a8nx33khgth8gawhrmnf6j9gkh8wu7	100
cc1fqcyy8fc5ap7hnz2uh9aqughq874uq6cymgj8s	100
cc1k2h63lt9upzr40rsa74w6gz57v52qpewy5w3xe	600
cc16yc25rmhpugwd8nu2xus2kazt04092jk0l9ufz	200
cc1m8fq6v8f5qsgk4qzgvqgx543wack72n0ak4k63	200
cc1m5lgtsrs6dx7mef2sehy0cpr5sv0vwfe0k8l6g	200
cc170x22t5decrgp3h65t2fevcsyte4geahw8dmnw	100
cc1x3xdfj8gsam2872y7ykrn4q9u2l64n2mx6x3ud	100
cc18xuf9hngrey0xe2dljxt9mjwksr42qcsz00ytn	100
cc1gfvfexqjhz660fwqfpyhutenzk788un29zh2xe	100
cc1ga6vrq6tw3lgvs7z5lr76j4mv6wt745cf2mr6v	100
cc1w79t4xnxhfvtu54m3ymw2fvthdj9pfg7h7wf9z	300
cc139rf2wl9mxa348tnr957ev7c4x85jjln9am59l	100
cc1jvv9j20fpajgp679hzk8kxulvqfrm79yr7gjr8	300
cc1e7rmfv2vlkn830396tl07jhqh822z0wd8x7k6j	100
cc1mv33hfvvu5pkajc6ear846yclcewceynehj2uj	100
cc17d4ua8vww2znmzg2w0h65qy7fpqpa25ktmflyg	100
cc1rt9tmq8d09um7f6ac4h2sh7fpfdsthlh0nfwsm	100
cc196trncnx44qvnwfg9urdmjefxv9wqycmladzkg	100
cc18mggys60cqx0792fe4qcsr2yew2spcqmz7d09a	100
cc12v9vx4pusuuvnrwjnjcm52ctavuav5dfg7sd0m	100
cc1sgs3xzsv9efa3q28dfcl736nvqr3ly94cvrgw0	100
cc15ls6jl06smv8jv59srpk7frtwummzzgghvk9lm	200
cc1r522p68hq2mqrqw3srv02vcqcy8uv9pdvz3yz6	100
cc1vqj0duk7y5fg0fnpc39y62psp86ychk5ec8hzp	100
cc1v5adcr4udfnrnsk7pgn0637s0wvntlzkxufz47	100
cc1035w0v49k5a9tdmx4g3334mdfhrr435qsh808c	100
cc138w80w697s05q55ynlulx66n3lns45825e9znp	100
cc1kepfjnafhxzy8patk0v70la7rtcns0jfc2qfql	100
cc1h5hj0epjwnh3qnpdpqk5yhttrfzwtsr7h7qysx	100
cc1cg8jypw42je3drq5t3ejezu49vrf6u2cy5kt7x	100
cc1uwd0jxe63tpjrysc374p6hfrrzdyn8ufeqkllw	100
cc179tk7td8lj3tqqjkxl0s2uckqgk4tymgpp6k62	100
cc19z20ne3ef575dgfk5ff67xtu0uup8yuj36629j	100
cc1xaxmxvrhtsnemgcw2lc3mh3lwffk5h730wqacy	100
cc10vszh4m9hrlu3ejrzgxrt2tpzdcyu63akn5s3m	200
cc1se7v7c8gslwckfnzmj8halgd67fqfgnnjhzuey	100
cc1n485ndjsz04nka8q79u3e79u3k5tp5ltfhk2nl	100
cc1k2g0l077raf7jyn5phqkh8y30eah6lgscv0x8z	100
cc16mm2pqdtts8rttlgwg74zcnwg7jfhvxcawn0md	100
cc1map9955h5ujvdmlz50dk5jrtfma0y4tdqgg5kq	200
cc1axcus06j2k6e359pgplu7w69pp276tgpzra5tf	100
cc1txttg5jrm4d6cvfrulnahz6lvukrgstdhkwvnz	395559
cc1lh8xk597ggnz6y29s9pxsfgpcvf4390e9c9sjn	77000
cc1awpflkaj937pkn6ws5f048hhf7jwjg8f23z2g7	1178354
cc1dg6wsr2hlkvys5vna2jdkd6flgphh4sy66c3ur	21850
cc1aj0jfydrjmwhzgk0fjcvu68dvmc4klgrjtpc86	4900
cc1kl855verd58uac9ws5wylk8trsgkmggldc7kp2	4500
cc1rc2s3l5sh36uk42xzy6v53dmfkqgkr6rdz9xs4	18850
cc1gzyygy4phl8ftjut6952psuz0gpajyt6c3chjk	98650
cc18jmylp5ddfhv4gzzm0lrvk92xy9aa6x5tcn27f	5000
cc1kfrq72eqpdac36uzux3z8y0u0ff2w7gvj9la6k	1000
cc17dvcqfszu4znjhrznqpw3u9q2jxyaur4ax6af8	10000
cc1nedlyyjmf9cc6ckgy26v6j22gm95qwa9q9y0p3	1500
cc1nt9qag8mly5yq4432vdv9v3my8ytfrl3yd375s	51700
cc1m9dwd037y7ma059xsnzwey92xk3v8jmy6lsuys	3100
cc1s7lyem4w7nldj0swawmddjwe0anpglfa7sxr0c	1400
cc1ym4x9362yxtxra72w550n5kv2zj8ze7rf679nq	2100
cc1s2gpvp2st2gggepxekj53c2uf7tqn9vrj09dxz	2000
cc1ywlysn8273d9zwz64mtxxc32ugkp49ussd5gxf	200
cc1vvv4x25qujst02r5l4put2her0u4ydu4fy7dl5	100
cc1q2w9a8ac7080tpt6tf0tth3f5qar6375j4z9s7	100
cc1vuzh99j2ggdf3c2rzkwursvp2jx9r4u7mvuj8h	100
cc1mp77nu88lx3760lzpqf868s49ezdpg7gfljkun	300
cc1uzvzgt04gg4t70jquhdxa9mgyzkc88m3czxdps	100
cc1x4yvn76pveqwej9gy3pcxqst5z66p4e2wzg70a	100
cc1jdxal827zlmpjpdu75v9zcuda4gfudryxql2ze	200
cc1w6sdrxkys6qq94mdm5eawk2aqfhcs55hld7tad	100
cc1k4xdq5n5t0wmlttn3n05rlk2wrftfp3vs8997n	300
cc1vh452a3zyyqkngfffsf9cvj8nzhrf0a8zxu6hn	100
cc12j8wxashnunc7pvh8ep383sy55rk086wn6m62l	100
cc177vpk4unx4d5pwsrwj4kd2jqq0xya9k9ztk8u7	100
cc1qa8t2ed87x8tgdwyw2tcgxpsg4stvn4w64rtna	100
cc1ekdz6rlnh4sx02wnwhdzheqq4l7pgvptjn2yu9	300
cc1nfn9yev2ry0nmh0r5akpym58udmevt75pume5s	300
cc1dwjsqp2psjyyaujxmwv76e6dk767tuamhxx0t2	600
cc147zd6esmydn05pjwghzxmp2lztk0562gal3qnp	300
cc19u8dpw8jp4mcelpelhp3pkam2sxzr6gdz8y3zt	200
cc18dnnlpy3l6j7v0pekf73xxm6kh3z7chhpp6xev	400
cc1ehad6hausea0qc8t3amxlpqs5rx2c05zmds3k9	200
cc1tnxxhkf3s8apvf34270vde7t9u59t6xxq9xsac	100
cc1fss98cftj6g8h24yzxfhq2q0hr06n3u5ca62zf	100
cc1wwg5f8x6c6dsucm22xkfppus6ul76ck9w3m7mc	100
cc1fgwaqndwpl2hmk6vv98vt07fkefvx46wtdkt2h	100
cc1ep8qq32hh7ndtdcztgd2rrzlq8dcmvmmantevt	100
cc1wkuexd8n4lvd6032p4yuwnuf4cctd8m9cph6j5	300
cc1cy0ulsvus9ar70xst9x75cy4grxheqj88fk6vx	200
cc1jwavmmr75p25ay6atyaw4yw2pveywag8yz0rrw	100
cc1unulf3ezmkwjdgcmvskkc3anf3phw8fh8krxv7	100
cc13rvr4c369rhw63pjxcjvjpjy5ck9mm6pajz87r	200
cc1klpp6q7dzd3mafjve3f3ejt4c5y5nfeldt57j7	100
cc1g76zzp0neeulx9p7cvfh00vz2eq5d04v26ntsg	200
cc1vwg80fptuqmn0e3tnnqcgd0sm3u3a2s09qtq5m	400
cc13ycv4yp4u58xk9gghwlfjkey2y9smezpezd4x4	100
cc1c4smhzxtlzarjgrnueetdcjm3kjq3kx4sfkk3j	500
cc1q8zrfyv7muv7aflr5xzn069zfumy4xs8w6a3xn	100
cc14jzqhuk7s0c2ytspgrnq3ljqfxq5fjynr5q2zm	100
cc1prnmjqvp2080lgugjle0492ratxa387npjgz37	200
cc1qrjt6rsmn9qvs52suyujhuu8qp7a3520es7xy4	300
cc1slj7amnmemt0t0f8uahnnyv2ztdwuc30sxgdku	100
cc10zh0cdzdzxz8449v0pg4a2f32yueq8szrkw9qc	100
cc12jwxqch0xv6yn5e5jlyszqae43vzsag7xemygj	100
cc12jzf6x8qe77ephgx0cs0q276g2ptapzlr4k2ew	100
cc12l3zzykqyuunf9nlh2kkmugr09euy5hd5lcgws	100
cc13h9d5z77sfksv6uweheg38669g270puzkw5pwx	100
cc13p9cvq5atl2cagnjsxsm72vnyfkfnngulj28g3	100
cc13sany3heekznx5d2yur3v7rxj3f00ma6jv5eqq	100
cc146dmvlqxrcwa2h6ulg34l84wg07pmycyfsr0mq	100
cc14va4c3sfpxyapjjgl9mguwr82zc6v4f4tzellx	100
cc154pwgwvec6m3746wdgqwct7qw7vw3ujvw6uw0r	100
cc15nxn2qs00y367qw3789dc089kv2dmdakcva2ud	100
cc17p0qlp5j6de7tjr0fuu8xyp708d292tvx8wrek	200
cc18cpvvupy2xd8s6xurnzfh7z7c3ystll8kplyxc	100
cc19hwl8xvvk0fsu5lyakum22wstkdclfh82nlt3t	100
cc1a9kvywsn2fpuvtsjq4yk0p048ds7ejv4xdk23x	300
cc1cqd0ka6td2tr7ulfd3ynggk0njspcp5827x3hn	300
cc1cvaf96kz8jz8u4435p0yrjgel0t8zgz33p2cpe	100
cc1d5cpaahz23nanxd69aeag44xecp0fu0a5flfus	100
cc1dwx5cq7q53mlvkyjpgpwafyktk76qnxtaxm9j3	100
cc1f6u85enm6dfq8y7rqyfq2550eztcjh9ud7vjr6	100
cc1f8s69xmkm9e0uxjr9ylg0rfxukfzgwldphv5y9	200
cc1fse4rke7mvveasnss47ztngwl4hwg7gm7egl5u	100
cc1h5ejeeas7v85q80k7p6hxaqyu8c8kn6lnav72k	100
cc1h7upe2prq8hdhzukyhpg9ec7njmmw3e5u8dmts	100
cc1hjjv4h3l2x77vrv0ypvcu6twuy0tfnx8s8yj6k	100
cc1hmsev8vpg60h67plrwvx2tmx3xzwfednjvl2fz	100
cc1jjenfqlk00swjpn8vwd93rzx0guxg3tmrgsw90	200
cc1jpucyzqw96sdpkqqkhz2k6qqte08ev88yy3jja	100
cc1jxqhq2kskfzyhhm4acy8cd68ph5az54t0tdyud	200
cc1kg85kh7pamfnj2j3k4g0y93nwkpj4txfvxk86d	100
cc1m8lsz20hms79we5yn5ckml30kgg5mu6deslxym	100
cc1mjqmlxa8aze6mduq4ucyvtdjttc78dgtt0secn	200
cc1n44vc78vjmuvpfcaxarzta8wsutrh08cy36u3v	100
cc1pjpaf9af7kh83kk7z4wgxyaw6772qggajzkt7x	100
cc1py6acxj4d2l4694kyqj34mwhgr5f04pyn2wac5	100
cc1qu6hwj678c5tm0j7q52rda8w8ftjes5cw9axu5	100
cc1rhdpj0vrfmdfxwntj8evmncdhc35xp0edsnczk	100
cc1u7wrw08y8wm0m8ev9c5tu62fk9jwa2vst6ajfa	100
cc1vg2kwnamjp0q0rdcsq2n8wkp0sx7c042ehuwek	100
cc1vknmv3g5vfg96276m3nuzg3temqthz0exru50z	100
cc1wlmkgs6mckzphx42pxm8xaxwd9q997y2dzcphp	200
cc1x2m6chcf68ujqqcsm8smu2ycfltf3cf486t2x8	100
cc1xwcl8277d39q75q6eear3y8m8ymrapmtsf5wty	100
cc1yc2zwyh6v545nv5sgh7gv340nlc7x5wf0kyu53	100
cc1yll7qpdep4h7vg8na8jfwvfluy50j5damm6ua2	100
cc13v8pucmwnnmhlkh2ajyhdezh3ktap3uuzradg0	100
cc182n9vgjdqjxc59lluf599s07m0ptlr0effrapu	100
cc1jxyvvt3kym3paa6v0j7jlp3ldtfcsgsltvd79t	100
cc1lghgn9xghujw82jy3fskpzzd9faxkse2dkejfh	100
cc1p9653c8puaum26fxnmm85xumflakn22uj4sxqt	100
cc1s9arxcl3y57aeavu0qx4v97720wm4cpudte0g4	100
cc1zvgued20j7ltucwduwe2tsvhfwxdpu4lcla2tz	100
cc10xzsrcxr6y0e52nvwxrf30892mnsc8zsges8fy	100
cc1z2v32c04etpkhag8ffzhajpfzx6yyh9tdl87m0	200
cc1s67pcfjq0y0znh4y6jlnp3ffgnh9l64jppqpfa	100